City_ID,City,Country,Date,Lat,Lng,Max Temp,Humidity,Cloudiness,Wind Speed
0,Atuona,PF,2022-03-07 03:28:35,-9.8,-139.0333,78.67,78,33,12.41
1,Puerto Ayora,EC,2022-03-07 03:28:36,-0.7393,-90.3518,76.64,84,81,3.78
2,Bac,RS,2022-03-07 03:28:36,45.3919,19.2367,33.93,99,100,4.09
3,Sari,IR,2022-03-07 03:28:37,36.5633,53.0601,47.79,93,100,13.8
4,Talnakh,RU,2022-03-07 03:28:37,69.4865,88.3972,-25.83,96,24,2.39
5,Sechura,PE,2022-03-07 03:28:38,-5.5569,-80.8222,75.07,71,95,4.83
6,Coihaique,CL,2022-03-07 03:28:39,-45.5752,-72.0662,51.75,87,0,2.3
7,Rikitea,PF,2022-03-07 03:28:39,-23.1203,-134.9692,79.45,77,100,17.27
8,Haines Junction,CA,2022-03-07 03:28:39,60.7522,-137.5108,28.35,46,4,8.05
9,Port Elizabeth,ZA,2022-03-07 03:28:40,-33.918,25.5701,73.09,88,0,2.3
10,Mar Del Plata,AR,2022-03-07 03:24:36,-38.0023,-57.5575,68.09,90,75,15.01
11,Tuatapere,NZ,2022-03-07 03:28:41,-46.1333,167.6833,53.82,75,90,6.91
12,Albany,US,2022-03-07 03:28:34,42.6001,-73.9662,59.74,61,62,4.0
13,Bredasdorp,ZA,2022-03-07 03:28:41,-34.5322,20.0403,66.27,75,99,6.58
14,Ushuaia,AR,2022-03-07 03:28:42,-54.8,-68.3,40.66,75,75,5.75
15,San Patricio,US,2022-03-07 03:28:42,28.017,-97.5169,73.38,93,23,14.45
16,Jamestown,US,2022-03-07 03:27:37,42.097,-79.2353,46.09,60,0,9.22
17,Mayo,US,2022-03-07 03:28:43,38.8876,-76.5119,73.35,64,75,8.05
18,Saint-Philippe,RE,2022-03-07 03:28:43,-21.3585,55.7679,78.39,86,100,15.73
19,Snyder,US,2022-03-07 03:28:44,32.7179,-100.9176,37.54,80,0,12.66
20,Provideniya,RU,2022-03-07 03:28:44,64.3833,-173.3,15.75,94,100,13.91
21,Ugoofaaru,MV,2022-03-07 03:28:45,5.6667,73.0,80.74,67,100,3.56
22,Itarema,BR,2022-03-07 03:28:45,-2.9248,-39.9167,76.41,90,100,6.15
23,Gualaco,HN,2022-03-07 03:28:46,15.05,-86.05,66.36,94,41,1.83
24,Vaini,TO,2022-03-07 03:28:46,-21.2,-175.2,86.16,79,75,9.22
25,Barrow,US,2022-03-07 03:28:47,71.2906,-156.7887,10.42,79,100,13.8
26,Mataura,NZ,2022-03-07 03:28:47,-46.1927,168.8643,53.47,77,100,7.27
27,Khatanga,RU,2022-03-07 03:28:48,71.9667,102.5,-17.99,99,95,1.48
28,Novyy Urengoy,RU,2022-03-07 03:27:11,66.0833,76.6333,-34.29,100,86,7.16
29,Karad,IN,2022-03-07 03:28:49,17.2833,74.2,78.15,38,33,6.4
30,Cairns,AU,2022-03-07 03:28:49,-16.9167,145.7667,104.29,66,48,14.97
31,Zhangjiakou,CN,2022-03-07 03:28:49,40.81,114.8794,39.52,27,0,3.8
32,Surin,TH,2022-03-07 03:28:50,14.8818,103.4936,93.97,76,22,6.98
33,Cape Town,ZA,2022-03-07 03:23:58,-33.9258,18.4232,70.12,90,75,16.11
34,Dikson,RU,2022-03-07 03:28:51,73.5069,80.5464,-14.17,100,99,7.11
35,Mahebourg,MU,2022-03-07 03:28:51,-20.4081,57.7,81.25,83,75,12.66
36,Hermanus,ZA,2022-03-07 03:28:52,-34.4187,19.2345,69.91,90,93,3.44
37,Haikou,CN,2022-03-07 03:28:52,20.0458,110.3417,78.93,78,75,8.95
38,Butaritari,KI,2022-03-07 03:28:53,3.0707,172.7902,81.63,78,21,16.49
39,Airai,TL,2022-03-07 03:28:53,-8.9266,125.4092,76.95,50,100,1.81
40,Jimo,CN,2022-03-07 03:28:54,36.3897,120.4622,51.58,40,0,11.18
41,Bluff,NZ,2022-03-07 03:28:54,-46.6,168.3333,53.8,62,46,15.03
42,Georgetown,MY,2022-03-07 03:26:37,5.4112,100.3354,87.73,79,20,10.36
43,Thompson,CA,2022-03-07 03:26:34,55.7435,-97.8558,3.36,85,0,0.0
44,Port Blair,IN,2022-03-07 03:28:55,11.6667,92.75,84.24,70,40,4.61
45,Placido De Castro,BR,2022-03-07 03:28:55,-10.3353,-67.1856,73.44,96,100,2.48
46,Forestville,US,2022-03-07 03:28:56,38.8451,-76.875,72.46,63,20,14.97
47,Giaginskaya,RU,2022-03-07 03:28:57,44.8621,40.0719,30.47,81,6,5.7
48,Punta Arenas,CL,2022-03-07 03:28:57,-53.15,-70.9167,37.51,87,40,4.61
49,Avarua,CK,2022-03-07 03:28:58,-21.2078,-159.775,82.45,83,40,13.8
50,Busselton,AU,2022-03-07 03:28:58,-33.65,115.3333,81.05,47,1,11.21
51,Cabinda,AO,2022-03-07 03:28:59,-5.55,12.2,80.1,89,100,7.09
52,Cherskiy,RU,2022-03-07 03:28:59,68.75,161.3,-15.21,93,44,3.38
53,Tasiilaq,GL,2022-03-07 03:29:00,65.6145,-37.6368,24.96,93,99,0.51
54,Staroutkinsk,RU,2022-03-07 03:29:00,57.2302,59.3348,-14.08,100,90,2.51
55,Arlit,NE,2022-03-07 03:29:01,18.7369,7.3853,79.57,16,100,2.13
56,Lompoc,US,2022-03-07 03:25:28,34.6391,-120.4579,52.12,81,40,20.0
57,Waipawa,NZ,2022-03-07 03:29:02,-41.4122,175.5153,61.45,91,100,12.06
58,Kapaa,US,2022-03-07 03:29:02,22.0752,-159.319,77.32,75,75,10.36
59,Bushehr,IR,2022-03-07 03:29:03,28.9684,50.8385,66.22,82,40,33.38
60,Paragould,US,2022-03-07 03:29:03,36.0584,-90.4973,73.24,77,100,1.01
61,Mecca,SA,2022-03-07 03:28:14,21.4267,39.8261,74.08,63,6,1.63
62,Adrar,MR,2022-03-07 03:29:04,20.5022,-10.0711,58.73,23,0,11.25
63,La Palma,US,2022-03-07 03:24:51,33.8464,-118.0467,56.93,64,0,8.05
64,Vestmanna,FO,2022-03-07 03:29:05,62.1564,-7.1664,43.72,93,100,23.02
65,Havre-Saint-Pierre,CA,2022-03-07 03:29:05,50.2334,-63.5986,21.79,86,100,23.02
66,La Roda,ES,2022-03-07 03:29:06,39.2167,-2.15,42.53,90,100,9.82
67,Narsaq,GL,2022-03-07 03:29:06,60.9167,-46.05,19.62,95,100,3.83
68,Merrill,US,2022-03-07 03:24:59,45.1805,-89.6835,29.17,86,100,1.01
69,Faanui,PF,2022-03-07 03:29:07,-16.4833,-151.75,81.99,72,75,12.37
70,Bathsheba,BB,2022-03-07 03:29:07,13.2167,-59.5167,77.61,69,40,25.32
71,Mount Isa,AU,2022-03-07 03:29:08,-20.7333,139.5,91.17,18,7,9.22
72,Tuktoyaktuk,CA,2022-03-07 03:29:08,69.4541,-133.0374,12.2,92,100,20.71
73,Nanortalik,GL,2022-03-07 03:29:09,60.1432,-45.2371,21.2,95,100,9.78
74,Nioro,GM,2022-03-07 03:29:09,13.35,-15.75,73.58,17,100,7.65
75,Chuy,UY,2022-03-07 03:29:10,-33.6971,-53.4616,70.63,92,96,6.08
76,Kavieng,PG,2022-03-07 03:29:10,-2.5744,150.7967,82.17,76,81,3.67
77,Teya,RU,2022-03-07 03:29:11,60.3778,92.6267,12.06,92,100,3.67
78,Aginskoye,RU,2022-03-07 03:29:11,51.1,114.53,26.85,73,61,3.04
79,Flinders,AU,2022-03-07 03:29:12,-34.5833,150.8552,77.2,92,100,9.13
80,Saint George,US,2022-03-07 03:29:12,37.1041,-113.5841,47.62,52,100,10.36
81,Yellowknife,CA,2022-03-07 03:25:16,62.456,-114.3525,16.41,94,100,11.99
82,Coquimbo,CL,2022-03-07 03:29:13,-29.9533,-71.3436,60.53,82,0,5.75
83,Aksarka,RU,2022-03-07 03:29:14,66.5606,67.7975,-22.76,98,98,10.94
84,Conakry,GN,2022-03-07 03:26:46,9.538,-13.6773,76.55,69,62,8.57
85,Lebu,CL,2022-03-07 03:29:15,-37.6167,-73.65,56.7,90,32,4.56
86,Carnarvon,AU,2022-03-07 03:29:15,-24.8667,113.6333,102.27,17,0,12.66
87,Henties Bay,NA,2022-03-07 03:29:16,-22.116,14.2845,60.85,90,3,5.53
88,New Norfolk,AU,2022-03-07 03:29:16,-42.7826,147.0587,69.66,27,33,2.53
89,Port Alfred,ZA,2022-03-07 03:29:17,-33.5906,26.891,75.69,67,99,7.81
90,Fairbanks,US,2022-03-07 03:25:32,64.8378,-147.7164,26.56,64,100,6.91
91,Tiksi,RU,2022-03-07 03:29:17,71.6872,128.8694,-19.3,99,79,2.13
92,Adre,TD,2022-03-07 03:29:18,13.4667,22.2,75.7,13,96,11.7
93,Atambua,ID,2022-03-07 03:29:18,-9.1061,124.8925,83.8,64,97,2.37
94,Sao Filipe,CV,2022-03-07 03:29:19,14.8961,-24.4956,70.02,71,89,10.87
95,Kodiak,US,2022-03-07 03:29:19,57.79,-152.4072,38.71,70,0,12.66
96,Hobart,AU,2022-03-07 03:29:06,-42.8794,147.3294,70.02,44,40,10.36
97,Beringovskiy,RU,2022-03-07 03:29:20,63.05,179.3167,31.78,97,100,20.69
98,Zhigansk,RU,2022-03-07 03:29:21,66.7697,123.3711,8.94,87,99,5.46
99,Kibala,TD,2022-03-07 03:29:21,9.1104,18.3463,83.79,16,92,1.25
100,Axim,GH,2022-03-07 03:29:22,4.8699,-2.2405,78.46,91,22,2.28
101,Hervey Bay,AU,2022-03-07 03:29:23,-25.2986,152.8535,84.31,79,96,17.05
102,Norman Wells,CA,2022-03-07 03:29:24,65.282,-126.8329,24.84,74,100,19.57
103,Mgachi,RU,2022-03-07 03:29:24,51.05,142.2667,19.08,91,100,4.85
104,Syracuse,IT,2022-03-07 03:27:02,37.0881,15.2792,46.89,78,8,9.82
105,Okha,RU,2022-03-07 03:29:25,53.5739,142.9478,18.25,87,100,6.82
106,Shimoda,JP,2022-03-07 03:29:25,34.6667,138.95,53.1,54,100,8.99
107,Guerrero Negro,MX,2022-03-07 03:29:26,27.9769,-114.0611,58.05,65,37,19.19
108,Ponta Do Sol,PT,2022-03-07 03:29:26,32.6667,-17.1,59.63,64,59,1.59
109,Gatesville,US,2022-03-07 03:29:27,31.4352,-97.7439,71.89,82,1,11.05
110,San Cristobal,VE,2022-03-07 03:29:27,7.7669,-72.225,68.18,85,95,3.27
111,Dimona,IL,2022-03-07 03:29:28,31.0667,35.0333,50.85,89,42,16.58
112,Saskylakh,RU,2022-03-07 03:29:28,71.9167,114.0833,-7.33,97,100,2.37
113,Odoyev,RU,2022-03-07 03:29:29,53.9393,36.6864,20.34,97,100,5.12
114,Meulaboh,ID,2022-03-07 03:29:29,4.1363,96.1285,82.49,69,30,1.45
115,Jaffna,LK,2022-03-07 03:29:30,9.6685,80.0074,79.09,82,34,14.14
116,Abong Mbang,CM,2022-03-07 03:29:30,3.9833,13.1833,66.02,98,100,3.24
117,Huangnihe,CN,2022-03-07 03:29:31,43.5583,128.0239,25.45,61,100,2.46
118,Orange Cove,US,2022-03-07 03:29:31,36.6244,-119.3137,55.06,67,20,4.12
119,Kurilsk,RU,2022-03-07 03:25:42,45.2333,147.8833,28.56,79,100,26.13
120,Ahipara,NZ,2022-03-07 03:29:32,-35.1667,173.1667,74.95,61,100,7.14
121,General Roca,AR,2022-03-07 03:29:33,-39.0333,-67.5833,63.63,39,88,17.74
122,Carndonagh,IE,2022-03-07 03:29:33,55.25,-7.2667,31.82,93,24,5.73
123,Manzil Salim,TN,2022-03-07 03:26:21,35.8567,8.4765,41.0,77,74,1.16
124,Winnemucca,US,2022-03-07 03:29:34,40.973,-117.7357,34.11,69,100,8.05
125,Saint-Augustin,CA,2022-03-07 03:29:35,51.226,-58.6502,5.2,95,100,3.44
126,Eenhana,NA,2022-03-07 03:29:35,-17.4667,16.3333,62.35,86,40,1.54
127,Sendafa,ET,2022-03-07 03:29:36,9.15,39.0333,51.03,49,59,2.04
128,Port Hardy,CA,2022-03-07 03:29:36,50.6996,-127.4199,45.75,87,75,2.3
129,Daru,PG,2022-03-07 03:29:37,-9.0763,143.2092,79.97,80,100,6.29
130,Bambous Virieux,MU,2022-03-07 03:29:37,-20.3428,57.7575,81.21,83,75,12.66
131,Manikganj,BD,2022-03-07 03:29:38,23.8553,90.0125,73.38,30,0,7.27
132,Qaanaaq,GL,2022-03-07 03:29:38,77.484,-69.3632,2.39,62,6,6.91
133,Plettenberg Bay,ZA,2022-03-07 03:29:39,-34.0527,23.3716,68.16,85,100,10.31
134,Brae,GB,2022-03-07 03:29:39,60.3964,-1.353,42.71,73,100,19.35
135,Kahului,US,2022-03-07 03:29:40,20.8947,-156.47,82.42,54,20,8.05
136,San Quintin,MX,2022-03-07 03:29:40,30.4833,-115.95,55.62,65,49,17.43
137,Parakou,BJ,2022-03-07 03:29:41,9.3372,2.6303,79.56,72,96,5.95
138,Verkhniy Baskunchak,RU,2022-03-07 03:29:41,48.2256,46.7217,24.84,81,11,10.16
139,Bethel,US,2022-03-07 03:29:42,41.3712,-73.414,66.31,75,0,16.11
140,Tazovskiy,RU,2022-03-07 03:29:42,67.4667,78.7,-38.25,99,57,4.43
141,Ulaangom,MN,2022-03-07 03:29:43,49.9811,92.0667,8.65,89,100,2.15
142,Bubaque,GW,2022-03-07 03:29:44,11.2833,-15.8333,76.24,61,8,13.13
143,Aloleng,PH,2022-03-07 03:29:44,16.1307,119.7824,82.51,69,52,8.41
144,Taltal,CL,2022-03-07 03:29:45,-25.4,-70.4833,68.61,80,5,1.63
145,Kodinar,IN,2022-03-07 03:29:46,20.7903,70.7031,76.98,37,1,9.84
146,Alugan,PH,2022-03-07 03:29:46,12.2188,125.4808,79.23,88,100,7.07
147,Ekuvukeni,ZA,2022-03-07 03:29:47,-28.4675,30.1551,60.4,96,4,3.27
148,Bilibino,RU,2022-03-07 03:29:47,68.0546,166.4372,6.51,80,100,3.96
149,Sawtell,AU,2022-03-07 03:29:48,-30.3833,153.1,77.32,88,75,10.36
150,Dudinka,RU,2022-03-07 03:29:48,69.4058,86.1778,-33.93,100,46,4.68
151,Santa Isabel Do Rio Negro,BR,2022-03-07 03:29:49,-0.4139,-65.0192,74.57,89,100,0.58
152,Ust-Nera,RU,2022-03-07 03:29:49,64.5667,143.2,-4.9,91,97,1.1
153,Ola,RU,2022-03-07 03:29:50,59.5833,151.2833,16.14,66,72,7.67
154,Sisimiut,GL,2022-03-07 03:29:50,66.9395,-53.6735,9.28,94,100,10.6
155,Umm Kaddadah,SD,2022-03-07 03:29:51,13.6017,26.6876,73.08,12,24,12.77
156,Petropavlovsk-Kamchatskiy,RU,2022-03-07 03:29:51,53.0452,158.6483,30.79,64,75,2.24
157,Mutis,CO,2022-03-07 03:29:52,6.2262,-77.4044,75.33,87,18,3.47
158,Palo Alto,US,2022-03-07 03:29:52,37.4419,-122.143,53.06,72,0,11.5
159,Halifax,CA,2022-03-07 03:26:08,44.6453,-63.5724,48.42,98,100,16.11
160,Mlawa,PL,2022-03-07 03:25:22,53.1128,20.3841,28.29,86,65,7.29
161,East London,ZA,2022-03-07 03:29:53,-33.0153,27.9116,70.74,88,20,3.44
162,Souillac,MU,2022-03-07 03:29:53,-20.5167,57.5167,81.36,83,75,12.66
163,Matay,EG,2022-03-07 03:29:54,28.419,30.7792,56.73,88,29,9.28
164,Hithadhoo,MV,2022-03-07 03:29:54,-0.6,73.0833,82.15,68,11,6.73
165,Mayahi,NE,2022-03-07 03:29:55,13.9553,7.6712,76.53,12,41,4.21
166,Lamu,KE,2022-03-07 03:29:56,-2.2717,40.902,79.02,84,6,9.24
167,Severo-Kurilsk,RU,2022-03-07 03:29:56,50.6789,156.125,30.87,87,100,30.36
168,Ribeira Grande,PT,2022-03-07 03:29:57,38.5167,-28.7,55.72,69,41,29.35
169,West Wendover,US,2022-03-07 03:26:55,40.7391,-114.0733,29.41,93,100,5.75
170,Ostrovnoy,RU,2022-03-07 03:29:57,68.0531,39.5131,6.62,88,100,1.05
171,Fairmont,US,2022-03-07 03:29:11,39.4851,-80.1426,61.97,89,87,1.01
172,Kenai,US,2022-03-07 03:29:58,60.5544,-151.2583,35.69,67,0,8.05
173,Newport,GB,2022-03-07 03:29:58,51.5877,-2.9984,39.76,77,20,8.79
174,Hilo,US,2022-03-07 03:25:19,19.7297,-155.09,76.73,73,100,5.75
175,Koumac,NC,2022-03-07 03:29:59,-20.5667,164.2833,84.78,60,9,7.2
176,Rocha,UY,2022-03-07 03:30:00,-34.4833,-54.3333,67.93,93,100,7.58
177,Vao,NC,2022-03-07 03:30:01,-22.6667,167.4833,79.59,79,46,11.7
178,Bjornevatn,NO,2022-03-07 03:30:02,69.6672,29.9847,-3.66,92,25,9.22
179,Carbonia,IT,2022-03-07 03:30:03,39.1672,8.5222,42.01,81,24,3.18
180,Poli,TZ,2022-03-07 03:30:04,-3.3333,36.8,59.11,83,52,2.24
181,Shima,CN,2022-03-07 03:30:05,24.4478,117.8111,60.22,66,86,4.85
182,Baghdad,IQ,2022-03-07 03:26:48,33.3406,44.4009,62.51,39,20,6.91
183,Pagsangahan,PH,2022-03-07 03:30:06,13.2158,122.5431,82.69,73,100,9.51
184,Sioux Lookout,CA,2022-03-07 03:30:07,50.1001,-91.917,17.98,86,20,4.61
185,Yaan,NG,2022-03-07 03:30:08,7.3833,8.5667,79.45,73,97,9.22
186,Nikolskoye,RU,2022-03-07 03:30:09,59.7035,30.7861,30.09,96,99,7.18
187,Zhanakorgan,KZ,2022-03-07 03:30:10,43.9098,67.2495,45.18,46,100,3.74
188,Poncitlan,MX,2022-03-07 03:30:10,20.3667,-102.9167,69.71,39,0,4.88
189,Viedma,AR,2022-03-07 03:30:11,-40.8135,-62.9967,66.58,58,80,17.29
190,Bethanien,NA,2022-03-07 03:30:11,-26.502,17.1583,68.23,59,13,4.56
191,Ambulu,ID,2022-03-07 03:30:12,-8.345,113.6058,84.97,72,96,5.66
192,Uvat,RU,2022-03-07 03:30:12,59.1433,68.8953,-1.75,95,100,10.83
193,Arraial Do Cabo,BR,2022-03-07 03:30:13,-22.9661,-42.0278,76.86,88,0,13.8
194,Cururupu,BR,2022-03-07 03:30:13,-1.8283,-44.8683,72.59,99,100,1.86
195,Riyadh,SA,2022-03-07 03:28:56,24.6877,46.7219,71.74,29,97,12.64
196,Cabo San Lucas,MX,2022-03-07 03:30:14,22.8909,-109.9124,69.51,73,0,3.44
197,Tiarei,PF,2022-03-07 03:30:14,-17.5333,-149.3333,86.02,76,68,13.06
198,Faya,SA,2022-03-07 03:30:15,18.3851,42.4509,51.91,66,4,2.19
199,Sept-Iles,CA,2022-03-07 03:27:01,50.2001,-66.3821,20.05,90,100,17.27
200,Sibolga,ID,2022-03-07 03:30:16,1.7427,98.7792,85.59,66,96,4.16
201,Maroantsetra,MG,2022-03-07 03:30:16,-15.4333,49.7333,76.14,85,100,3.18
202,Zakamensk,RU,2022-03-07 03:30:17,50.3741,103.2863,33.3,60,100,3.47
203,Turukhansk,RU,2022-03-07 03:30:17,65.8167,87.9833,-6.41,86,78,9.82
204,Aswan,EG,2022-03-07 03:30:18,24.0934,32.907,67.95,19,74,12.77
205,Monrovia,LR,2022-03-07 03:27:19,6.3005,-10.7969,78.57,89,21,3.6
206,Gravdal,NO,2022-03-07 03:30:19,68.1214,13.5031,35.55,99,100,27.4
207,Tromso,NO,2022-03-07 03:26:27,69.6496,18.957,32.38,74,40,17.27
208,Semenivka,UA,2022-03-07 03:30:19,52.1783,32.5818,25.12,83,49,5.23
209,Vila,PT,2022-03-07 03:30:20,42.0304,-8.1588,32.32,88,30,4.0
210,Caravelas,BR,2022-03-07 03:30:20,-17.7125,-39.2481,75.94,80,100,3.83
211,Praia Da Vitoria,PT,2022-03-07 03:30:21,38.7333,-27.0667,55.76,82,75,35.79
212,Lakes Entrance,AU,2022-03-07 03:30:21,-37.8811,147.981,64.17,88,100,7.9
213,Avera,US,2022-03-07 03:30:22,33.194,-82.5271,69.71,67,72,11.18
214,Upernavik,GL,2022-03-07 03:30:22,72.7868,-56.1549,5.41,96,100,3.74
215,Dareda,TZ,2022-03-07 03:30:23,-4.2167,35.55,56.43,94,29,1.28
216,Saurimo,AO,2022-03-07 03:30:23,-9.6608,20.3916,64.6,96,100,2.71
217,Opuwo,NA,2022-03-07 03:30:24,-18.0607,13.84,64.08,49,19,4.25
218,Harlingen,US,2022-03-07 03:29:31,26.1906,-97.6961,75.34,90,75,20.71
219,Pevek,RU,2022-03-07 03:30:25,69.7008,170.3133,-17.81,94,90,3.15
220,Prado,BR,2022-03-07 03:30:25,-17.3411,-39.2208,75.92,83,100,4.5
221,Iqaluit,CA,2022-03-07 03:30:12,63.7506,-68.5145,-21.39,92,14,7.72
222,Salcioara,RO,2022-03-07 03:30:27,44.7167,25.5833,31.55,95,100,3.74
223,Trairi,BR,2022-03-07 03:30:27,-3.2778,-39.2689,75.06,92,100,6.04
224,Pompeu,BR,2022-03-07 03:30:28,-19.2244,-44.9353,64.35,86,2,4.5
225,Padang,ID,2022-03-07 03:30:29,-0.9492,100.3543,85.71,60,84,4.47
226,Half Moon Bay,US,2022-03-07 03:30:25,37.4636,-122.4286,52.83,79,100,12.66
227,Morant Bay,JM,2022-03-07 03:30:29,17.8815,-76.4093,76.62,82,4,6.76
228,Juneau,US,2022-03-07 03:30:30,58.3019,-134.4197,41.22,95,75,3.44
229,Kargasok,RU,2022-03-07 03:30:30,59.0556,80.8572,31.95,99,100,8.7
230,Yulara,AU,2022-03-07 03:30:31,-25.2406,130.9889,89.44,25,40,11.5
231,Fort Nelson,CA,2022-03-07 03:30:31,58.8053,-122.7002,42.39,49,40,10.36
232,Ryazhsk,RU,2022-03-07 03:30:32,53.7038,40.1109,23.11,97,100,5.86
233,Jamsa,FI,2022-03-07 03:26:09,61.8642,25.19,30.15,87,99,6.82
234,Beisfjord,NO,2022-03-07 03:30:33,68.3751,17.5988,35.65,88,100,9.44
235,Foumban,CM,2022-03-07 03:30:34,5.7291,10.9001,68.86,63,100,2.98
236,Alihe,CN,2022-03-07 03:30:35,50.5667,123.7167,28.85,61,14,6.17
237,Vila Franca Do Campo,PT,2022-03-07 03:30:35,37.7167,-25.4333,59.41,79,89,26.37
238,Grindavik,IS,2022-03-07 03:30:36,63.8424,-22.4338,34.27,69,40,19.57
239,Dabat,ET,2022-03-07 03:30:36,12.9842,37.765,58.32,44,88,5.06
240,Katsuura,JP,2022-03-07 03:30:37,35.1333,140.3,53.71,31,82,9.95
241,Makakilo City,US,2022-03-07 03:30:37,21.3469,-158.0858,77.32,60,0,10.36
242,La Ronge,CA,2022-03-07 03:30:38,55.1001,-105.2842,16.05,79,0,4.61
243,Shetpe,KZ,2022-03-07 03:30:39,44.1667,52.1167,27.41,68,55,12.55
244,Phalaborwa,ZA,2022-03-07 03:30:39,-23.943,31.1411,69.08,96,42,3.76
245,Ocos,GT,2022-03-07 03:30:39,14.5094,-92.1933,83.32,70,5,9.98
246,Basco,PH,2022-03-07 03:30:40,20.4487,121.9702,76.1,80,69,9.35
247,Port Macquarie,AU,2022-03-07 03:30:41,-31.4333,152.9167,78.76,94,75,9.22
248,Pekin,CN,2022-03-07 03:29:23,39.9075,116.3972,53.49,18,0,5.53
249,Khandyga,RU,2022-03-07 03:30:41,62.6667,135.6,1.24,83,100,0.94
250,Deputatskiy,RU,2022-03-07 03:30:42,69.3,139.9,-17.46,99,100,3.24
251,Patiya,BD,2022-03-07 03:30:42,22.2931,91.9762,76.95,57,3,6.91
252,Kaeo,NZ,2022-03-07 03:30:43,-35.1,173.7833,74.32,74,100,10.89
253,Cap Malheureux,MU,2022-03-07 03:30:43,-19.9842,57.6142,81.46,80,100,8.99
254,Kamaishi,JP,2022-03-07 03:30:44,39.2667,141.8833,43.75,50,40,3.85
255,Calama,CL,2022-03-07 03:30:44,-22.4667,-68.9333,57.69,67,0,6.91
256,Mariinsk,RU,2022-03-07 03:30:45,56.2139,87.7472,34.2,98,99,16.42
257,Prince Rupert,CA,2022-03-07 03:30:45,54.3161,-130.3201,41.09,93,100,2.3
258,Ramgarh,IN,2022-03-07 03:30:46,23.6333,85.5167,71.65,17,0,3.62
259,Kamenka,RU,2022-03-07 03:30:47,51.3223,42.7678,14.76,97,95,8.57
260,Dubrovnik,HR,2022-03-07 03:30:47,42.6481,18.0922,46.04,65,40,4.61
261,Pangai,TO,2022-03-07 03:26:21,-19.8,-174.35,84.31,65,75,3.44
262,Kokkola,FI,2022-03-07 03:30:48,63.8385,23.1307,21.36,93,75,3.44
263,Victoria,HK,2022-03-07 03:30:08,22.2855,114.1577,73.18,83,100,3.0
264,Taloqan,AF,2022-03-07 03:30:48,36.7361,69.5345,55.45,54,99,8.03
265,Lavrentiya,RU,2022-03-07 03:30:49,65.5833,-171.0,14.86,95,100,9.6
266,Nabire,ID,2022-03-07 03:30:49,-3.3667,135.4833,86.95,63,94,6.58
267,Limoux,FR,2022-03-07 03:30:49,42.9167,2.1667,46.17,92,100,2.08
268,Buturlino,RU,2022-03-07 03:30:50,55.5667,44.8974,19.9,97,91,5.61
269,Yar-Sale,RU,2022-03-07 03:30:51,66.8333,70.8333,-24.0,99,95,9.93
270,Sao Joao Da Barra,BR,2022-03-07 03:30:51,-21.6403,-41.0511,76.86,87,2,13.27
271,Kholtoson,RU,2022-03-07 03:30:52,50.2981,103.3097,33.51,58,100,3.69
272,Kaseda,JP,2022-03-07 03:30:52,31.4167,130.3167,52.83,60,100,3.85
273,Bengkulu,ID,2022-03-07 03:30:53,-3.8004,102.2655,85.01,64,98,4.5
274,Leningradskiy,RU,2022-03-07 03:30:53,69.3833,178.4167,-10.57,96,100,8.59
275,Port Moresby,PG,2022-03-07 03:30:54,-9.4431,147.1797,89.02,66,20,5.75
276,Kyaikkami,MM,2022-03-07 03:30:54,16.08,97.5675,84.51,58,98,3.22
277,Vardo,NO,2022-03-07 03:30:55,70.3705,31.1107,21.54,61,0,15.97
278,Tautira,PF,2022-03-07 03:30:55,-17.7333,-149.15,86.02,75,63,14.14
279,Manzanillo,CU,2022-03-07 03:30:56,20.3433,-77.1167,73.85,81,2,13.22
280,Richards Bay,ZA,2022-03-07 03:30:56,-28.783,32.0377,74.59,80,66,6.08
281,Ust-Omchug,RU,2022-03-07 03:30:57,61.15,149.6333,-1.43,87,78,4.59
282,Mount Gambier,AU,2022-03-07 03:30:57,-37.8333,140.7667,71.51,53,75,19.57
283,Fenyi,CN,2022-03-07 03:30:58,27.8112,114.6681,59.31,66,34,8.46
284,Sisak,HR,2022-03-07 03:30:58,45.4661,16.3783,35.19,62,100,6.62
285,Neiafu,TO,2022-03-07 03:30:59,-18.65,-173.9833,84.88,79,75,8.05
286,Opalenica,PL,2022-03-07 03:31:00,52.3089,16.4128,31.17,88,8,6.17
287,Ilulissat,GL,2022-03-07 03:31:00,69.2167,-51.1,12.22,79,75,14.97
288,Ust-Maya,RU,2022-03-07 03:31:01,60.4167,134.5333,6.21,85,100,2.13
289,Wanning,CN,2022-03-07 03:31:01,18.8003,110.3967,77.2,72,96,10.85
290,Oriximina,BR,2022-03-07 03:31:02,-1.7656,-55.8661,73.76,96,100,1.66
291,Fortuna,US,2022-03-07 03:31:02,40.5982,-124.1573,47.66,90,75,6.91
292,Liwale,TZ,2022-03-07 03:31:03,-9.7667,37.9333,69.66,99,80,1.36
293,Kargil,IN,2022-03-07 03:31:03,34.5667,76.1,23.61,85,99,2.91
294,Kroya,ID,2022-03-07 03:31:04,-7.6331,109.2461,81.46,80,96,8.66
295,Pangody,RU,2022-03-07 03:31:04,65.85,74.4859,-30.06,98,85,8.41
296,Kuminskiy,RU,2022-03-07 03:31:05,58.6667,66.5667,-3.19,94,100,11.39
297,Calera,US,2022-03-07 03:31:05,33.1029,-86.7536,72.25,69,0,9.22
298,Allapalli,IN,2022-03-07 03:31:06,19.4167,80.0667,86.41,32,0,5.17
299,Miri,MY,2022-03-07 03:31:06,4.4148,114.0089,86.14,66,40,4.61
300,Isangel,VU,2022-03-07 03:31:07,-19.55,169.2667,87.91,70,20,4.61
301,Port Hedland,AU,2022-03-07 03:31:07,-20.3167,118.5667,100.45,28,1,9.22
302,Guapi,CO,2022-03-07 03:31:08,2.5708,-77.8854,74.21,93,92,1.97
303,Esperance,AU,2022-03-07 03:31:08,-33.8667,121.9,71.44,64,68,14.61
304,Margate,GB,2022-03-07 03:30:30,51.3813,1.3862,41.95,65,79,5.01
305,Klaksvik,FO,2022-03-07 03:31:09,62.2266,-6.589,45.52,91,100,32.75
306,Ahuimanu,US,2022-03-07 03:31:09,21.4447,-157.8378,78.51,65,20,8.05
307,Iranshahr,IR,2022-03-07 03:31:10,27.2025,60.6848,59.34,41,4,4.61
308,Yabelo,ET,2022-03-07 03:31:10,4.8833,38.0833,59.76,41,98,9.17
309,Lodja,CD,2022-03-07 03:31:11,-3.4833,23.4333,70.18,98,100,1.21
310,Kruisfontein,ZA,2022-03-07 03:31:12,-34.0033,24.7314,70.88,73,92,10.85
311,Dutlwe,BW,2022-03-07 03:31:13,-23.9833,23.9,64.87,74,84,6.04
312,Kaitangata,NZ,2022-03-07 03:31:13,-46.2817,169.8464,54.21,71,98,12.19
313,Broome,US,2022-03-07 03:31:14,42.2506,-75.833,54.18,67,75,10.36
314,Aksu,CN,2022-03-07 03:31:14,41.1231,80.2644,50.94,26,100,1.97
315,Tolmachevo,RU,2022-03-07 03:31:15,54.9824,82.7363,35.42,93,100,20.13
316,Rawson,AR,2022-03-07 03:30:55,-43.3002,-65.1023,67.42,39,64,12.37
317,Rosarito,MX,2022-03-07 03:31:15,32.3333,-117.0333,55.38,65,0,4.36
318,Clyde River,CA,2022-03-07 03:31:16,70.4692,-68.5914,-5.57,77,0,13.8
319,Pochutla,MX,2022-03-07 03:31:17,15.7432,-96.4661,78.82,69,0,4.47
320,Gigmoto,PH,2022-03-07 03:31:17,13.7796,124.39,79.47,87,100,6.98
321,Garni,AM,2022-03-07 03:31:18,40.1221,44.7312,16.47,54,0,5.68
322,Raudeberg,NO,2022-03-07 03:31:18,61.9875,5.1352,39.96,78,100,20.62
323,Nizwa,OM,2022-03-07 03:31:19,22.9333,57.5333,75.15,28,38,1.14
324,Kokopo,PG,2022-03-07 03:31:20,-4.352,152.2633,84.38,67,25,3.83
325,Cidreira,BR,2022-03-07 03:31:20,-30.1811,-50.2056,74.08,90,100,8.28
326,Srednekolymsk,RU,2022-03-07 03:31:21,67.45,153.6833,-13.92,93,98,5.82
327,Maceio,BR,2022-03-07 03:31:22,-9.6658,-35.7353,74.64,88,0,4.61
328,Ukiah,US,2022-03-07 03:28:27,39.1502,-123.2078,53.49,70,0,4.61
329,Garowe,SO,2022-03-07 03:31:22,8.4054,48.4845,65.26,86,57,10.45
330,Oranjestad,AW,2022-03-07 03:31:23,12.524,-70.027,80.55,74,40,13.8
331,Luderitz,NA,2022-03-07 03:31:24,-26.6481,15.1594,66.94,86,1,13.02
332,Aguie,NE,2022-03-07 03:31:24,13.506,7.7786,74.61,17,23,2.71
333,Lukovetskiy,RU,2022-03-07 03:31:25,64.2956,41.9211,-2.22,93,100,6.58
334,Vilhena,BR,2022-03-07 03:31:25,-12.7406,-60.1458,66.4,99,100,2.13
335,Onokhino,RU,2022-03-07 03:31:25,56.925,65.5394,-4.43,91,100,10.63
336,Zhangye,CN,2022-03-07 03:31:26,38.9342,100.4517,56.64,8,5,4.85
337,Sattahip,TH,2022-03-07 03:31:26,12.6664,100.9007,91.17,74,20,6.91
338,Inhambane,MZ,2022-03-07 03:31:27,-23.865,35.3833,74.62,74,36,4.07
339,Cayenne,GF,2022-03-07 03:30:07,4.9333,-52.3333,79.09,87,40,4.0
340,Tupik,RU,2022-03-07 03:31:28,54.4253,119.9327,21.47,76,100,4.14
341,Zima,RU,2022-03-07 03:31:28,53.9202,102.0442,32.94,100,91,4.9
342,Pozoblanco,ES,2022-03-07 03:31:29,38.3791,-4.8483,39.78,94,55,0.43
343,Oistins,BB,2022-03-07 03:31:29,13.0667,-59.5333,77.09,69,40,25.32
344,Lumajang,ID,2022-03-07 03:31:30,-8.1335,113.2248,86.52,65,100,4.74
345,Araouane,ML,2022-03-07 03:31:30,18.9048,-3.5265,64.81,23,0,9.42
346,Itoman,JP,2022-03-07 03:31:31,26.1247,127.6694,59.02,96,75,17.27
347,Ancud,CL,2022-03-07 03:31:31,-41.8697,-73.8203,56.23,92,63,14.72
348,Dakar,SN,2022-03-07 03:31:32,14.6937,-17.4441,62.73,94,89,6.91
349,Portland,US,2022-03-07 03:31:32,45.5234,-122.6762,47.25,81,20,4.61
350,Kudahuvadhoo,MV,2022-03-07 03:31:33,2.6708,72.8944,81.66,70,50,6.67
351,Usinsk,RU,2022-03-07 03:31:34,65.9939,57.5281,-24.61,97,30,8.7
352,Naze,JP,2022-03-07 03:31:34,28.3667,129.4833,58.12,76,100,10.02
353,Archidona,ES,2022-03-07 03:31:35,37.0965,-4.3887,44.42,92,62,2.64
354,Touros,BR,2022-03-07 03:31:35,-5.1989,-35.4608,74.3,82,93,11.83
355,Bowen,AU,2022-03-07 03:31:36,-20.0167,148.2333,91.62,78,47,18.59
356,Astoria,US,2022-03-07 03:31:36,46.1879,-123.8313,44.6,88,0,5.75
357,Waingapu,ID,2022-03-07 03:31:37,-9.6567,120.2641,86.0,69,74,4.9
358,Novyy Svit,UA,2022-03-07 03:31:37,47.8059,38.0211,27.55,78,10,2.62
359,Charters Towers,AU,2022-03-07 03:31:38,-20.1,146.2667,100.11,16,5,10.67
360,Lubyany,RU,2022-03-07 03:31:38,56.0378,51.4,4.64,95,100,2.48
361,Berlevag,NO,2022-03-07 03:31:39,70.8578,29.0864,17.31,77,18,15.39
362,Hornepayne,CA,2022-03-07 03:31:39,49.2138,-84.7705,15.39,98,100,2.75
363,Leeton,AU,2022-03-07 03:31:40,-34.5667,146.4,86.9,39,88,10.36
364,Williston,US,2022-03-07 03:31:41,48.147,-103.618,21.94,94,14,6.33
365,General Pico,AR,2022-03-07 03:31:41,-35.6566,-63.7568,63.73,94,66,5.46
366,Moerai,PF,2022-03-07 03:31:41,-22.4333,-151.3333,80.17,78,83,12.84
367,Pisco,PE,2022-03-07 03:31:42,-13.7,-76.2167,71.65,88,100,3.44
368,Qasigiannguit,GL,2022-03-07 03:31:42,68.8193,-51.1922,12.45,97,100,3.44
369,Comodoro Rivadavia,AR,2022-03-07 03:29:13,-45.8667,-67.5,51.66,62,0,3.44
370,Imelda,PH,2022-03-07 03:31:43,7.65,123.95,83.61,80,95,4.07
371,Cotonou,BJ,2022-03-07 03:28:55,6.3654,2.4183,82.38,83,40,12.66
372,Antofagasta,CL,2022-03-07 03:31:44,-23.65,-70.4,63.68,85,60,5.12
373,Wilhelmshaven,DE,2022-03-07 03:31:45,53.5167,8.1333,31.14,85,4,3.33
374,Barahona,DO,2022-03-07 03:31:45,18.2085,-71.1008,75.13,78,2,6.53
375,Tarakan,ID,2022-03-07 03:31:46,3.3,117.6333,81.9,83,40,3.44
376,Hamilton,US,2022-03-07 03:31:46,39.1834,-84.5333,61.99,91,100,9.22
377,Novobiryusinskiy,RU,2022-03-07 03:31:47,56.9578,97.7076,33.26,100,100,7.78
378,Nome,US,2022-03-07 03:31:47,64.5011,-165.4064,19.47,93,100,14.97
379,Kabarnet,KE,2022-03-07 03:31:48,0.4919,35.743,56.21,67,0,4.25
380,Zhob,PK,2022-03-07 03:31:48,31.3411,69.4481,56.17,57,30,4.38
381,Mirabad,AF,2022-03-07 03:31:49,30.4362,61.8383,69.13,26,79,2.33
382,Alofi,NU,2022-03-07 03:31:49,-19.0595,-169.9187,84.09,79,100,6.91
383,Puerto Escondido,MX,2022-03-07 03:31:50,15.85,-97.0667,79.63,65,20,0.0
384,Barra Do Garcas,BR,2022-03-07 03:31:50,-15.89,-52.2567,70.83,95,47,2.24
385,Sharan,RU,2022-03-07 03:31:51,54.8167,54.0,3.34,97,100,3.87
386,Tazmalt,DZ,2022-03-07 03:31:51,36.3868,4.3989,43.09,89,30,1.95
387,Tenenkou,ML,2022-03-07 03:31:52,14.4572,-4.9169,75.43,12,88,11.88
388,Hualmay,PE,2022-03-07 03:31:52,-11.0964,-77.6139,72.41,81,100,6.96
389,Thinadhoo,MV,2022-03-07 03:31:53,0.5333,72.9333,82.33,70,23,5.7
390,Celestun,MX,2022-03-07 03:31:53,20.8667,-90.4,78.93,70,100,9.48
391,Japura,ID,2022-03-07 03:31:54,-0.3167,102.35,88.83,58,96,3.42
392,Mahibadhoo,MV,2022-03-07 03:31:54,3.7833,72.9667,81.41,69,44,5.48
393,Constitucion,CL,2022-03-07 03:31:55,-35.3333,-72.4167,56.21,93,4,4.16
394,Lima,PE,2022-03-07 03:27:02,-12.0432,-77.0282,71.85,37,75,8.05
395,Salisbury,GB,2022-03-07 03:29:42,51.0693,-1.7957,40.48,78,100,8.05
396,Gweta,BW,2022-03-07 03:31:56,-20.1833,25.2333,69.46,77,31,12.35
397,San Miguel,SV,2022-03-07 03:31:57,13.4833,-88.1833,82.06,94,0,13.8
398,Katangli,RU,2022-03-07 03:31:57,51.7102,143.2326,21.04,86,100,10.67
399,Pedinon,GR,2022-03-07 03:31:58,40.9089,22.8667,41.76,95,100,1.61
400,Tabou,CI,2022-03-07 03:31:58,4.423,-7.3528,78.89,88,54,5.26
401,Pitea,SE,2022-03-07 03:31:59,65.3172,21.4794,23.09,98,99,0.96
402,Maniitsoq,GL,2022-03-07 03:31:59,65.4167,-52.9,9.32,91,100,5.88
403,Sri Aman,MY,2022-03-07 03:32:00,1.2376,111.4621,82.45,78,40,5.75
404,Bousso,TD,2022-03-07 03:32:00,10.4795,16.7117,84.07,18,70,2.91
405,Saldanha,ZA,2022-03-07 03:32:01,-33.0117,17.9442,66.25,92,0,10.89
406,Marawi,PH,2022-03-07 03:32:02,7.9986,124.2928,72.64,85,91,6.46
407,King City,US,2022-03-07 03:32:02,36.2127,-121.126,50.88,81,0,6.24
408,Petrov Val,RU,2022-03-07 03:32:03,50.1434,45.2096,10.63,97,79,9.28
409,Plainview,US,2022-03-07 03:27:06,40.7765,-73.4673,68.09,80,0,11.5
410,Sakakah,SA,2022-03-07 03:32:04,29.9697,40.2064,62.17,31,0,8.95
411,Torbay,CA,2022-03-07 03:32:04,47.6666,-52.7314,25.27,85,100,4.61
412,Cascais,PT,2022-03-07 03:31:34,38.6979,-9.4215,50.94,66,0,24.0
413,Belyy Yar,RU,2022-03-07 03:32:05,53.6039,91.3903,33.69,86,40,2.24
414,Bilma,NE,2022-03-07 03:32:05,18.6853,12.9164,80.74,12,89,8.88
415,Wattegama,LK,2022-03-07 03:32:06,6.7989,81.4808,81.52,64,86,4.47
416,Laguna,US,2022-03-07 03:32:06,38.421,-121.4238,55.9,49,0,0.0
417,Okhotsk,RU,2022-03-07 03:32:07,59.3833,143.3,9.0,79,23,0.83
418,Castro,BR,2022-03-07 03:32:07,-24.7911,-50.0119,63.63,90,34,2.44
419,San Andres,CO,2022-03-07 03:29:14,12.5847,-81.7006,78.82,83,40,6.91
420,Nattarasankottai,IN,2022-03-07 03:32:08,9.8667,78.5667,83.08,58,100,20.6
421,Charallave,VE,2022-03-07 03:32:08,10.2425,-66.8572,75.47,92,79,2.95
422,Saint-Francois,FR,2022-03-07 03:32:09,46.4154,3.9054,24.42,85,5,2.3
423,Tura,IN,2022-03-07 03:32:09,25.5198,90.2201,84.69,20,0,1.74
424,Moose Factory,CA,2022-03-07 03:32:10,51.2585,-80.6094,15.8,67,100,10.36
425,Xihe,CN,2022-03-07 03:32:10,31.6864,113.4659,61.93,42,0,7.63
426,Kalmunai,LK,2022-03-07 03:32:11,7.4167,81.8167,81.66,73,39,2.75
427,Asyut,EG,2022-03-07 03:32:11,27.181,31.1837,62.78,72,100,7.58
428,Strelka,RU,2022-03-07 03:32:12,58.0728,93.0344,34.0,100,100,7.99
429,Oktyabrskoye,RU,2022-03-07 03:32:16,43.0645,44.7417,21.34,100,4,6.71
430,Sikasso,ML,2022-03-07 03:32:17,10.9167,-7.0,76.3,15,21,5.39
431,Naryan-Mar,RU,2022-03-07 03:32:17,67.6713,53.087,-25.85,99,70,6.98
432,Chumikan,RU,2022-03-07 03:32:18,54.7183,135.315,18.32,76,21,12.35
433,Kaduqli,SD,2022-03-07 03:32:18,11.0167,29.7167,76.12,17,78,7.92
434,Belaya Gora,RU,2022-03-07 03:32:19,68.5333,146.4167,-9.69,93,97,3.74
435,Codrington,AU,2022-03-07 03:32:19,-38.2667,141.9667,67.78,68,54,16.26
436,Tari,NG,2022-03-07 03:32:20,12.4086,4.4914,78.26,15,52,6.31
437,Pangnirtung,CA,2022-03-07 03:32:20,66.1451,-65.7125,-18.0,97,98,3.58
438,High Level,CA,2022-03-07 03:32:21,58.5169,-117.136,28.51,80,100,4.61
439,Spas-Demensk,RU,2022-03-07 03:32:22,54.4122,34.0226,24.75,96,100,3.85
440,Mehamn,NO,2022-03-07 03:32:23,71.0357,27.8492,13.3,88,18,12.26
441,Quelimane,MZ,2022-03-07 03:32:23,-17.8786,36.8883,76.95,94,75,8.05
442,Paamiut,GL,2022-03-07 03:32:23,61.994,-49.6678,20.17,90,100,11.03
443,Butembo,CD,2022-03-07 03:32:24,0.15,29.2833,58.48,87,7,3.67
444,Amapa,BR,2022-03-07 03:32:24,1.0,-52.0,70.48,100,100,0.83
445,Tarauaca,BR,2022-03-07 03:32:25,-8.1614,-70.7656,73.24,97,100,1.23
446,Ganzhou,CN,2022-03-07 03:32:26,28.8184,115.4327,58.48,66,74,4.16
447,Belinskiy,RU,2022-03-07 03:32:26,52.9647,43.4165,17.51,97,100,7.29
448,Mackenzie,CA,2022-03-07 03:30:10,55.2999,-123.1698,39.42,60,100,9.22
449,Douglas,US,2022-03-07 03:32:27,41.3,-96.167,27.7,72,100,17.27
450,Isabela,PH,2022-03-07 03:32:28,6.7085,121.9711,84.25,73,95,11.3
451,Ixtapa,MX,2022-03-07 03:30:22,20.7,-105.2,74.43,64,0,8.05
452,Martinopolis,BR,2022-03-07 03:32:28,-22.1458,-51.1708,74.52,76,8,5.35
453,Ploemeur,FR,2022-03-07 03:32:29,47.7333,-3.4333,39.94,84,5,6.91
454,Yarmouth,US,2022-03-07 03:30:53,41.7057,-70.2286,60.46,93,0,23.02
455,Veraval,IN,2022-03-07 03:32:29,20.9,70.3667,79.05,40,0,10.8
456,Inuvik,CA,2022-03-07 03:32:30,68.3499,-133.7218,16.56,82,100,18.41
457,Hobyo,SO,2022-03-07 03:32:30,5.3505,48.5268,78.08,70,27,13.44
458,Biak,ID,2022-03-07 03:32:31,-0.9131,122.8766,80.64,79,100,3.56
459,Walvis Bay,NA,2022-03-07 03:32:31,-22.9575,14.5053,61.09,88,42,5.75
460,Leshukonskoye,RU,2022-03-07 03:32:32,64.8989,45.7622,-18.26,99,21,4.32
461,Bhavani,IN,2022-03-07 03:32:32,11.45,77.6833,76.71,53,59,7.49
462,Muros,ES,2022-03-07 03:32:33,42.7762,-9.0603,42.24,88,6,6.35
463,Uchana,IN,2022-03-07 03:32:33,29.4667,76.1667,72.91,34,99,6.2
464,Komsomolsk,UA,2022-03-07 03:32:34,49.0097,33.6455,26.74,87,48,5.17
465,Sorland,NO,2022-03-07 03:32:34,67.667,12.6934,37.69,97,100,33.31
466,Hasaki,JP,2022-03-07 03:28:33,35.7333,140.8333,55.29,35,6,8.12
467,Los Llanos De Aridane,ES,2022-03-07 03:32:35,28.6585,-17.9182,56.95,82,20,8.05
468,Ponta Delgada,PT,2022-03-07 03:32:35,37.7333,-25.6667,59.72,82,75,25.32
469,Buraydah,SA,2022-03-07 03:32:36,26.326,43.975,70.25,20,100,12.48
470,Cap-Aux-Meules,CA,2022-03-07 03:32:37,47.3821,-61.8597,28.45,100,100,20.71
471,Grand Gaube,MU,2022-03-07 03:32:37,-20.0064,57.6608,81.37,80,100,8.99
472,Hovd,MN,2022-03-07 03:32:37,48.0056,91.6419,26.89,63,100,1.16
473,Marsa Matruh,EG,2022-03-07 03:32:38,31.3525,27.2453,52.0,87,40,0.0
474,Imbituba,BR,2022-03-07 03:32:38,-28.24,-48.6703,76.89,93,93,3.27
475,Tsiroanomandidy,MG,2022-03-07 03:32:39,-18.7667,46.0333,66.29,90,62,2.24
476,Ornskoldsvik,SE,2022-03-07 03:32:40,63.2909,18.7153,27.55,86,20,9.22
477,Llanes,ES,2022-03-07 03:32:40,43.4198,-4.7549,44.89,74,26,4.34
478,Ankang,CN,2022-03-07 03:32:41,32.68,109.0172,60.28,50,0,1.01
479,Yuci,CN,2022-03-07 03:32:41,37.6803,112.7319,49.75,29,0,4.47
480,Phuthaditjhaba,ZA,2022-03-07 03:32:42,-28.5242,28.8158,56.64,91,66,1.5
481,Kozhva,RU,2022-03-07 03:32:42,65.1073,57.0459,-22.32,98,81,6.15
482,Geraldton,AU,2022-03-07 03:32:43,-28.7667,114.6,95.41,20,89,19.57
483,Komsomolskiy,UZ,2022-03-07 03:32:43,40.4272,71.7189,50.72,62,75,11.5
484,Fort Saint James,CA,2022-03-07 03:32:44,54.4333,-124.25,28.53,90,75,4.07
485,Lorengau,PG,2022-03-07 03:32:44,-2.0226,147.2712,78.94,85,100,3.38
486,Zhuanghe,CN,2022-03-07 03:32:45,39.7008,122.9911,43.52,60,40,8.93
487,Dingle,PH,2022-03-07 03:32:45,10.9995,122.6711,77.86,87,100,10.09
488,Bahir Dar,ET,2022-03-07 03:32:46,11.5936,37.3908,68.47,41,81,3.62
489,Vermillion,US,2022-03-07 03:28:40,42.7794,-96.9292,26.38,68,92,11.92
490,Nantucket,US,2022-03-07 03:32:46,41.2835,-70.0995,55.96,93,40,24.16
491,Collierville,US,2022-03-07 03:31:56,35.042,-89.6645,74.8,67,44,18.34
492,Aasiaat,GL,2022-03-07 03:32:47,68.7098,-52.8699,1.92,95,100,13.27
493,Tondano,ID,2022-03-07 03:32:48,1.3038,124.9112,78.89,74,100,5.28
494,Hofn,IS,2022-03-07 03:32:48,64.2539,-15.2082,32.88,63,13,7.81
495,Ulladulla,AU,2022-03-07 03:32:48,-35.35,150.4667,72.77,96,99,14.2
496,Bosaso,SO,2022-03-07 03:32:49,11.2842,49.1816,74.37,69,40,5.17
497,Puri,IN,2022-03-07 03:32:50,19.8,85.85,77.52,53,5,1.36
498,San Enrique,PH,2022-03-07 03:32:50,10.4161,122.8504,78.03,88,100,14.03
499,Gondanglegi,ID,2022-03-07 03:32:51,-7.7479,112.0132,86.29,71,100,9.64
500,Constantine,DZ,2022-03-07 03:32:51,36.365,6.6147,45.81,93,75,4.61
501,Itabera,BR,2022-03-07 03:32:52,-23.8619,-49.1372,66.99,93,25,2.35
502,Katherine,AU,2022-03-07 03:32:52,-14.4667,132.2667,93.52,49,100,3.44
503,Labuhan,ID,2022-03-07 03:32:53,-6.8844,112.2051,85.08,74,97,3.98
504,Inta,RU,2022-03-07 03:32:53,66.0317,60.1659,-30.95,99,62,5.17
505,Verkh-Usugli,RU,2022-03-07 03:32:54,52.7,115.1667,26.28,72,100,4.07
506,Bystrice Nad Pernstejnem,CZ,2022-03-07 03:32:54,49.5229,16.2615,27.28,55,6,8.9
507,Jacareacanga,BR,2022-03-07 03:32:55,-6.2222,-57.7528,72.68,99,97,0.31
508,Ishigaki,JP,2022-03-07 03:32:55,24.3448,124.1572,66.33,100,75,10.36
509,Rio Gallegos,AR,2022-03-07 03:32:56,-51.6226,-69.2181,44.65,70,0,2.3
510,Mananara,MG,2022-03-07 03:32:56,-16.1667,49.7667,76.12,87,95,7.65
511,Orissaare,EE,2022-03-07 03:32:57,58.5592,23.0826,35.02,90,59,15.43
512,Cameron Park,US,2022-03-07 03:32:57,38.6688,-120.9872,51.73,60,0,4.88
513,Motril,ES,2022-03-07 03:32:58,36.7507,-3.5179,52.3,87,71,1.72
514,Aljezur,PT,2022-03-07 03:32:59,37.3191,-8.8033,45.34,70,0,6.35
515,Atar,MR,2022-03-07 03:32:59,20.5169,-13.0499,59.95,29,0,10.29
516,Olafsvik,IS,2022-03-07 03:32:59,64.8945,-23.7142,35.91,60,100,25.39
517,Colares,PT,2022-03-07 03:33:00,38.7992,-9.4469,50.76,66,0,24.0
518,Cajnice,BA,2022-03-07 03:33:01,43.5575,19.0711,24.6,97,99,0.65
519,Kodinsk,RU,2022-03-07 03:33:01,58.6881,99.1844,20.1,92,100,4.72
520,Mutsu,JP,2022-03-07 03:33:02,41.2894,141.2169,44.01,56,31,12.26
521,Banda Aceh,ID,2022-03-07 03:33:02,5.5577,95.3222,85.15,67,63,11.88
522,Khash,IR,2022-03-07 03:33:03,28.2211,61.2158,57.33,39,41,5.08
523,Nuuk,GL,2022-03-07 03:33:03,64.1835,-51.7216,18.21,93,100,2.3
524,Mantua,IT,2022-03-07 03:32:51,45.1667,10.7833,36.75,78,16,2.19
525,Cheremukhovo,RU,2022-03-07 03:33:04,60.3484,59.9851,-8.05,93,100,8.57
526,Port-Gentil,GA,2022-03-07 03:30:14,-0.7193,8.7815,81.75,76,100,5.5
527,Kampene,CD,2022-03-07 03:33:05,-3.6,26.6667,64.42,98,100,2.28
528,Inirida,CO,2022-03-07 03:33:05,3.8653,-67.9239,75.09,82,90,2.13
529,Havoysund,NO,2022-03-07 03:33:06,70.9963,24.6622,27.48,85,96,13.0
530,Terrace Bay,CA,2022-03-07 03:33:06,48.7834,-87.1,22.62,94,100,4.54
531,Cunha,BR,2022-03-07 03:33:07,-23.0744,-44.9597,63.9,92,18,1.74
532,Cuiaba,BR,2022-03-07 03:33:06,-15.5961,-56.0967,75.13,94,20,2.3
533,Zhoucheng,CN,2022-03-07 03:33:08,35.9122,116.3117,58.98,31,2,6.42
534,Ambon,ID,2022-03-07 03:33:08,-3.6954,128.1814,84.34,74,40,2.3
535,Saint-Joseph,RE,2022-03-07 03:33:09,-21.3667,55.6167,77.38,81,97,13.89
536,Salinopolis,BR,2022-03-07 03:29:45,-0.6136,-47.3561,75.27,90,100,7.92
537,Krasne,UA,2022-03-07 03:33:10,49.9145,24.6134,27.5,71,88,5.14
538,Andenes,NO,2022-03-07 03:33:11,69.3143,16.1194,34.07,93,100,9.22
539,Salalah,OM,2022-03-07 03:33:11,17.0151,54.0924,71.69,78,0,1.14
540,Leon,MX,2022-03-07 03:30:09,21.1167,-101.6667,66.25,23,0,2.55
541,Dumai,ID,2022-03-07 03:33:12,1.6833,101.45,83.3,81,72,1.97
542,Lipin Bor,RU,2022-03-07 03:33:12,60.2622,37.9763,8.8,98,92,5.12
543,Amahai,ID,2022-03-07 03:33:13,-3.3333,128.9167,82.02,78,96,4.54
544,Cajati,BR,2022-03-07 03:33:13,-24.7361,-48.1228,72.01,92,4,2.59
545,Aklavik,CA,2022-03-07 03:33:14,68.2191,-135.0107,16.52,86,99,24.76
546,Bardiyah,LY,2022-03-07 03:33:14,31.7561,25.0865,57.94,80,56,7.96
547,Candolim,IN,2022-03-07 03:33:15,15.5181,73.7626,82.4,47,26,11.5
548,Colombo,LK,2022-03-07 03:33:16,6.9319,79.8478,80.55,76,64,5.14
549,Dronfield,GB,2022-03-07 03:33:16,53.3022,-1.4751,35.42,91,13,2.66
550,Alton,US,2022-03-07 03:33:17,38.8906,-90.1843,46.09,95,100,10.36
551,Catamarca,AR,2022-03-07 03:33:17,-28.4696,-65.7852,75.78,78,35,5.12
552,Husavik,IS,2022-03-07 03:33:18,66.0449,-17.3389,31.91,80,11,14.9
553,Haapiti,PF,2022-03-07 03:33:18,-17.5667,-149.8667,85.73,73,63,13.06
554,Umm Lajj,SA,2022-03-07 03:33:19,25.0213,37.2685,72.37,66,26,4.07
555,Magadan,RU,2022-03-07 03:30:37,59.5667,150.8,15.53,68,45,5.32
556,Dillon,US,2022-03-07 03:29:11,34.4166,-79.3712,70.52,67,0,10.74
557,Charleston,US,2022-03-07 03:32:07,32.7766,-79.9309,68.16,94,40,4.61
558,Along,IN,2022-03-07 03:33:20,28.1667,94.7667,79.07,23,0,0.58
559,Stokmarknes,NO,2022-03-07 03:33:21,68.5646,14.9108,38.5,98,100,14.88
560,Idukki,IN,2022-03-07 03:33:21,9.85,76.9667,80.02,51,65,1.74
561,Santiago,CL,2022-03-07 03:33:04,-33.4569,-70.6483,65.86,41,0,4.61
562,Dawei,MM,2022-03-07 03:33:22,14.0833,98.2,92.05,45,58,5.01
563,Tingo Maria,PE,2022-03-07 03:33:22,-9.2895,-76.0088,70.54,99,100,0.11
564,General Elizardo Aquino,PY,2022-03-07 03:33:23,-24.4333,-56.7,78.71,58,37,4.16
565,Lagoa,PT,2022-03-07 03:31:04,39.05,-27.9833,54.66,67,44,31.45
566,Bandarbeyla,SO,2022-03-07 03:33:23,9.4942,50.8122,76.26,65,68,10.47
567,Marsh Harbour,BS,2022-03-07 03:33:24,26.5412,-77.0636,74.07,72,22,20.07
568,Lufilufi,WS,2022-03-07 03:33:24,-13.8745,-171.5986,91.18,74,53,6.76
569,Arani,IN,2022-03-07 03:33:25,12.6667,79.2833,81.46,55,86,9.06
570,Borovoy,RU,2022-03-07 03:33:25,55.4333,86.0833,36.68,80,100,17.9
571,Djibo,BF,2022-03-07 03:33:26,14.1022,-1.6306,75.79,11,50,10.65
572,Hakui,JP,2022-03-07 03:33:26,36.8833,136.7833,47.21,56,100,8.03
573,Ahmadpur Sial,PK,2022-03-07 03:33:27,30.6754,71.7483,60.67,57,73,13.29
574,Mountain Home,US,2022-03-07 03:33:27,43.133,-115.6912,36.34,100,20,11.5
575,Zharkent,KZ,2022-03-07 03:33:28,44.1628,80.0,48.94,44,98,4.74
576,Funadhoo,MV,2022-03-07 03:33:28,6.15,73.2667,80.87,69,89,5.03
577,Aparecida Do Taboado,BR,2022-03-07 03:33:29,-20.0867,-51.0936,72.03,66,1,7.09
578,Kuytun,RU,2022-03-07 03:33:29,54.3419,101.5036,31.91,93,97,5.99
579,Trinidad,BO,2022-03-07 03:33:30,-14.8333,-64.9,74.23,97,100,6.49
580,Plouzane,FR,2022-03-07 03:33:31,48.3833,-4.6167,37.45,87,100,6.91
581,Dongzhen,CN,2022-03-07 03:33:31,22.3797,110.9389,77.32,57,80,9.42
582,Praya,CV,2022-03-07 03:33:32,14.9215,-23.5087,68.54,68,40,20.71
583,Nelson Bay,AU,2022-03-07 03:33:32,-32.7167,152.15,80.11,84,100,1.99
584,Korhogo,CI,2022-03-07 03:33:32,9.45,-5.6333,81.0,26,59,3.44
585,Shingu,JP,2022-03-07 03:33:33,33.7333,135.9833,49.19,43,100,5.73
586,Najran,SA,2022-03-07 03:33:33,17.4924,44.1277,56.05,15,8,3.53
587,Aviles,ES,2022-03-07 03:33:34,43.5547,-5.9248,44.73,87,0,4.61
588,Alekseyevsk,RU,2022-03-07 03:33:35,57.8406,108.3492,21.27,91,100,3.83
589,Visby,SE,2022-03-07 03:32:09,57.6409,18.296,35.82,75,26,14.97
590,Harper,LR,2022-03-07 03:33:35,4.375,-7.7169,79.36,86,29,5.26
591,Beloha,MG,2022-03-07 03:33:36,-25.1667,45.05,73.4,89,25,6.33
592,Sola,VU,2022-03-07 03:33:36,-13.8833,167.55,88.47,70,20,2.3
593,Ballina,AU,2022-03-07 03:33:37,-28.8667,153.5667,84.02,81,59,11.5
594,Kyzyl-Suu,KG,2022-03-07 03:33:37,42.3414,78.0056,37.9,81,87,2.15
595,Atikokan,CA,2022-03-07 03:33:38,48.7555,-91.6216,18.72,95,92,6.35
